<wddxPacket version='1.0'><header/><data><recordset rowCount='1' fieldNames='ATTRIBUTEID,EXTENDSETID,SITEID,NAME,LABEL,HINT,TYPE,ORDERNO,ISACTIVE,REQUIRED,VALIDATION,REGEX,MESSAGE,DEFAULTVALUE,OPTIONLIST,OPTIONLABELLIST,ADMINONLY' type='coldfusion.sql.QueryTable'><field name='ATTRIBUTEID'><number>49.0</number></field><field name='EXTENDSETID'><string>9CC66A84-0B08-FF98-E246306A70AF0292</string></field><field name='SITEID'><string>default</string></field><field name='NAME'><string>mktoFormID</string></field><field name='LABEL'><string>Form ID</string></field><field name='HINT'><null/></field><field name='TYPE'><string>textbox</string></field><field name='ORDERNO'><number>1.0</number></field><field name='ISACTIVE'><number>1.0</number></field><field name='REQUIRED'><string>false</string></field><field name='VALIDATION'><null/></field><field name='REGEX'><null/></field><field name='MESSAGE'><null/></field><field name='DEFAULTVALUE'><string>false</string></field><field name='OPTIONLIST'><null/></field><field name='OPTIONLABELLIST'><null/></field><field name='ADMINONLY'><number>0.0</number></field></recordset></data></wddxPacket>
