<wddxPacket version='1.0'><header/><data><recordset rowCount='0' fieldNames='OBJECTID,MODULEID,NAME,LOCATION,DISPLAYOBJECTFILE,DISPLAYMETHOD,DOCACHE,CONFIGURATORINIT,CONFIGURATORJS' type='coldfusion.sql.QueryTable'><field name='objectID'></field><field name='moduleID'></field><field name='name'></field><field name='location'></field><field name='displayObjectFile'></field><field name='displaymethod'></field><field name='docache'></field><field name='configuratorInit'></field><field name='configuratorJS'></field></recordset></data></wddxPacket>
