<wddxPacket version='1.0'><header/><data><recordset rowCount='10' fieldNames='CATEGORYID,SITEID,PARENTID,DATECREATED,LASTUPDATE,LASTUPDATEBY,NAME,NOTES,ISINTERESTGROUP,ISACTIVE,ISOPEN,SORTBY,SORTDIRECTION,RESTRICTGROUPS,PATH,REMOTEID,REMOTESOURCEURL,REMOTEPUBDATE,URLTITLE,FILENAME,ISFEATUREABLE' type='coldfusion.sql.QueryTable'><field name='categoryID'><string>00FE92DB-9DA6-4D3F-A1DDE8B3BE448236</string><string>806B9B69-8FEB-41FB-B9DCE743B1FEC192</string><string>83C47D8F-3742-4EAF-8FB82BE6828CFAD0</string><string>A4815D8B-30AB-4F59-B274EEA4E6A8E77A</string><string>BED94AC2-2DFD-44D9-9DC2370AE7FA6F9A</string><string>CCE43A62-5246-4FE0-A5CA4E506F4D12BD</string><string>D06F111A-ADFF-4BA0-A3296BABEC314BC2</string><string>D0811936-FBC8-415C-B94EA06357443EA9</string><string>E60C4ED3-FC4B-487C-9372079219435D62</string><string>E9879F00-83A2-4B65-97509D04D988DD85</string></field><field name='siteID'><string>default</string><string>default</string><string>default</string><string>default</string><string>default</string><string>default</string><string>default</string><string>default</string><string>default</string><string>default</string></field><field name='parentID'><string></string><string>00FE92DB-9DA6-4D3F-A1DDE8B3BE448236</string><string>00FE92DB-9DA6-4D3F-A1DDE8B3BE448236</string><string>00FE92DB-9DA6-4D3F-A1DDE8B3BE448236</string><string>00FE92DB-9DA6-4D3F-A1DDE8B3BE448236</string><string>00FE92DB-9DA6-4D3F-A1DDE8B3BE448236</string><string>00FE92DB-9DA6-4D3F-A1DDE8B3BE448236</string><string>00FE92DB-9DA6-4D3F-A1DDE8B3BE448236</string><string>00FE92DB-9DA6-4D3F-A1DDE8B3BE448236</string><string>00FE92DB-9DA6-4D3F-A1DDE8B3BE448236</string></field><field name='dateCreated'><dateTime>2012-11-27T16:9:32+0:0</dateTime><dateTime>2012-11-27T19:36:20+0:0</dateTime><dateTime>2012-11-27T16:11:0+0:0</dateTime><dateTime>2012-11-27T16:10:10+0:0</dateTime><dateTime>2013-9-21T0:39:24+0:0</dateTime><dateTime>2012-11-27T16:9:49+0:0</dateTime><dateTime>2012-11-27T16:10:19+0:0</dateTime><dateTime>2012-11-27T16:10:32+0:0</dateTime><dateTime>2012-11-27T16:13:3+0:0</dateTime><dateTime>2012-11-27T16:12:39+0:0</dateTime></field><field name='lastUpdate'><dateTime>2012-11-27T16:9:32+0:0</dateTime><dateTime>2012-11-27T19:36:20+0:0</dateTime><dateTime>2012-11-27T16:11:0+0:0</dateTime><dateTime>2012-11-27T16:10:10+0:0</dateTime><dateTime>2013-9-21T0:39:24+0:0</dateTime><dateTime>2012-11-27T16:9:49+0:0</dateTime><dateTime>2012-11-27T16:10:19+0:0</dateTime><dateTime>2012-11-27T16:10:32+0:0</dateTime><dateTime>2012-11-27T16:13:3+0:0</dateTime><dateTime>2012-11-27T16:12:39+0:0</dateTime></field><field name='lastUpdateBy'><string>Steve Withington</string><string>Steve Withington</string><string>Steve Withington</string><string>Steve Withington</string><string>Steve Withington</string><string>Steve Withington</string><string>Steve Withington</string><string>Steve Withington</string><string>Steve Withington</string><string>Steve Withington</string></field><field name='name'><string>News Categories</string><string>Technology</string><string>Arts &amp; Culture</string><string>Politics</string><string>Weather</string><string>Business</string><string>Local News</string><string>World News</string><string>Health &amp; Science</string><string>Opinion</string></field><field name='notes'><string></string><string></string><string></string><string></string><string></string><string></string><string></string><string></string><string></string><string></string></field><field name='isInterestGroup'><number>0.0</number><number>1.0</number><number>1.0</number><number>1.0</number><number>1.0</number><number>1.0</number><number>1.0</number><number>1.0</number><number>1.0</number><number>1.0</number></field><field name='isActive'><number>1.0</number><number>1.0</number><number>1.0</number><number>1.0</number><number>1.0</number><number>1.0</number><number>1.0</number><number>1.0</number><number>1.0</number><number>1.0</number></field><field name='isOpen'><number>0.0</number><number>1.0</number><number>1.0</number><number>1.0</number><number>1.0</number><number>1.0</number><number>1.0</number><number>1.0</number><number>1.0</number><number>1.0</number></field><field name='sortBy'><string>orderno</string><string>orderno</string><string>orderno</string><string>orderno</string><string>orderno</string><string>orderno</string><string>orderno</string><string>orderno</string><string>orderno</string><string>orderno</string></field><field name='sortDirection'><string>asc</string><string>asc</string><string>asc</string><string>asc</string><string>asc</string><string>asc</string><string>asc</string><string>asc</string><string>asc</string><string>asc</string></field><field name='restrictGroups'><string></string><string></string><string></string><string></string><string></string><string></string><string></string><string></string><string></string><string></string></field><field name='path'><string>00FE92DB-9DA6-4D3F-A1DDE8B3BE448236</string><string>00FE92DB-9DA6-4D3F-A1DDE8B3BE448236,806B9B69-8FEB-41FB-B9DCE743B1FEC192</string><string>00FE92DB-9DA6-4D3F-A1DDE8B3BE448236,83C47D8F-3742-4EAF-8FB82BE6828CFAD0</string><string>00FE92DB-9DA6-4D3F-A1DDE8B3BE448236,A4815D8B-30AB-4F59-B274EEA4E6A8E77A</string><string>00FE92DB-9DA6-4D3F-A1DDE8B3BE448236,BED94AC2-2DFD-44D9-9DC2370AE7FA6F9A</string><string>00FE92DB-9DA6-4D3F-A1DDE8B3BE448236,CCE43A62-5246-4FE0-A5CA4E506F4D12BD</string><string>00FE92DB-9DA6-4D3F-A1DDE8B3BE448236,D06F111A-ADFF-4BA0-A3296BABEC314BC2</string><string>00FE92DB-9DA6-4D3F-A1DDE8B3BE448236,D0811936-FBC8-415C-B94EA06357443EA9</string><string>00FE92DB-9DA6-4D3F-A1DDE8B3BE448236,E60C4ED3-FC4B-487C-9372079219435D62</string><string>00FE92DB-9DA6-4D3F-A1DDE8B3BE448236,E9879F00-83A2-4B65-97509D04D988DD85</string></field><field name='remoteID'><string></string><string></string><string></string><string></string><string></string><string></string><string></string><string></string><string></string><string></string></field><field name='remoteSourceURL'><string></string><string></string><string></string><string></string><string></string><string></string><string></string><string></string><string></string><string></string></field><field name='remotePubDate'><string></string><string></string><string></string><string></string><string></string><string></string><string></string><string></string><string></string><string></string></field><field name='urltitle'><string>news-categories</string><string>technology</string><string>arts-culture</string><string>politics</string><string>weather</string><string>business</string><string>local-news</string><string>world-news</string><string>health-science</string><string>opinion</string></field><field name='filename'><string>news-categories</string><string>news-categories/technology</string><string>news-categories/arts-culture</string><string>news-categories/politics</string><string>news-categories/weather</string><string>news-categories/business</string><string>news-categories/local-news</string><string>news-categories/world-news</string><string>news-categories/health-science</string><string>news-categories/opinion</string></field><field name='isfeatureable'><number>0.0</number><number>1.0</number><number>1.0</number><number>1.0</number><number>1.0</number><number>1.0</number><number>1.0</number><number>1.0</number><number>1.0</number><number>1.0</number></field></recordset></data></wddxPacket>
