<wddxPacket version='1.0'><header/><data><recordset rowCount='2' fieldNames='PARAMID,FEEDID,PARAM,RELATIONSHIP,FIELD,CONDITION,CRITERIA,DATATYPE' type='coldfusion.sql.QueryTable'><field name='PARAMID'><string>A54B9B97-E3CD-BC3D-69E094474F05F9EF</string><string>A54B9BBF-B1CF-990E-E3BA77ED58DE18AF</string></field><field name='FEEDID'><string>A54B936B-AEB2-E2BA-AC74573F31AA45C8</string><string>A54B9B47-04D4-5485-5B6EBE9132F211F1</string></field><field name='PARAM'><number>1.0</number><number>1.0</number></field><field name='RELATIONSHIP'><string>and</string><string>and</string></field><field name='FIELD'><null/><null/></field><field name='CONDITION'><string>Equals</string><string>Equals</string></field><field name='CRITERIA'><null/><null/></field><field name='DATATYPE'><string>varchar</string><string>varchar</string></field></recordset></data></wddxPacket>
