<wddxPacket version='1.0'><header/><data><recordset rowCount='0' fieldNames='CLIENTSECRET,CREATED,LASTUPDATE,CLIENTID,REDIRECTURL,NAME,GRANTTYPE,LASTUPDATEBY,SITEID,USERID,LASTUPDATEBIDY,DESCRIPTION' type='coldfusion.sql.QueryTable'><field name='clientsecret'></field><field name='created'></field><field name='lastupdate'></field><field name='clientid'></field><field name='redirecturl'></field><field name='name'></field><field name='granttype'></field><field name='lastupdateby'></field><field name='siteid'></field><field name='userid'></field><field name='lastupdatebidy'></field><field name='description'></field></recordset></data></wddxPacket>
