<wddxPacket version='1.0'><header/><data><recordset rowCount='1' fieldNames='DOMAIN,SITEID,THEME,LARGEIMAGEWIDTH,LARGEIMAGEHEIGHT,SMALLIMAGEWIDTH,SMALLIMAGEHEIGHT,MEDIUMIMAGEWIDTH,MEDIUMIMAGEHEIGHT,COLUMNCOUNT,COLUMNNAMES,PRIMARYCOLUMN,BASEID,CUSTOMTAGGROUPS,PLACEHOLDERIMGID,PLACEHOLDERIMGEXT,ISREMOTE' type='coldfusion.sql.QueryTable'><field name='domain'><string>localhost</string></field><field name='siteid'><string>default</string></field><field name='theme'><string>default</string></field><field name='largeImageWidth'><string>AUTO</string></field><field name='largeImageHeight'><string>600</string></field><field name='smallImageWidth'><string>80</string></field><field name='smallImageHeight'><string>80</string></field><field name='mediumImageWidth'><string>180</string></field><field name='mediumImageHeight'><string>180</string></field><field name='columnCount'><number>3.0</number></field><field name='columnNames'><string>Left Column^Main Content^Right Column</string></field><field name='primaryColumn'><number>2.0</number></field><field name='baseID'><string>4E81D21A-2377-4FC5-89B3D5591962EF46</string></field><field name='customtaggroups'><string>News^Blog</string></field><field name='placeholderImgID'><string></string></field><field name='placeholderImgExt'><string></string></field><field name='isremote'><number>0.0</number></field></recordset></data></wddxPacket>
