<wddxPacket version='1.0'><header/><data><recordset rowCount='1' fieldNames='CREATED,LASTUPDATEBYID,LASTUPDATE,CHAINID,NAME,LASTUPDATEBY,SITEID,DESCRIPTION' type='coldfusion.sql.QueryTable'><field name='created'><dateTime>2017-1-17T20:19:51+0:0</dateTime></field><field name='lastupdatebyid'><string></string></field><field name='lastupdate'><dateTime>2020-9-4T21:43:0+0:0</dateTime></field><field name='chainID'><string>A7CA0F34-4ACF-45BD-8FE5FF74C8054AA7</string></field><field name='name'><string>Default Approval Chain</string></field><field name='lastupdateby'><string></string></field><field name='siteID'><string>default</string></field><field name='description'><string></string></field></recordset></data></wddxPacket>
