<wddxPacket version='1.0'><header/><data><recordset rowCount='22' fieldNames='TAGID,CONTENTID,CONTENTHISTID,SITEID,TAG,TAGGROUP' type='coldfusion.sql.QueryTable'><field name='tagID'><number>1.0</number><number>2.0</number><number>3.0</number><number>4.0</number><number>5.0</number><number>6.0</number><number>7.0</number><number>8.0</number><number>9.0</number><number>10.0</number><number>11.0</number><number>12.0</number><number>13.0</number><number>14.0</number><number>15.0</number><number>16.0</number><number>17.0</number><number>18.0</number><number>19.0</number><number>20.0</number><number>21.0</number><number>22.0</number></field><field name='contentID'><string>CC91F4D2-CC6A-4103-A74A73B3B9BCD734</string><string>CC91F4D2-CC6A-4103-A74A73B3B9BCD734</string><string>CC91F4D2-CC6A-4103-A74A73B3B9BCD734</string><string>CC91F4D2-CC6A-4103-A74A73B3B9BCD734</string><string>764745A9-5C56-45E7-B831B43F30927541</string><string>764745A9-5C56-45E7-B831B43F30927541</string><string>764745A9-5C56-45E7-B831B43F30927541</string><string>873242DF-A8E3-4411-9CF496FA27439EA7</string><string>873242DF-A8E3-4411-9CF496FA27439EA7</string><string>7DCA71E2-E6F5-4D0B-B4C4977EFB89587C</string><string>7DCA71E2-E6F5-4D0B-B4C4977EFB89587C</string><string>7DCA71E2-E6F5-4D0B-B4C4977EFB89587C</string><string>CC09038E-8B28-4840-915FF9A46FD428F3</string><string>CC09038E-8B28-4840-915FF9A46FD428F3</string><string>64FBC8F7-5617-477B-930144C31F6BF45B</string><string>64FBC8F7-5617-477B-930144C31F6BF45B</string><string>3683C6F9-C958-4EC8-A24872C44A4E8DF9</string><string>3683C6F9-C958-4EC8-A24872C44A4E8DF9</string><string>3F54126F-56CF-4BAA-81B057F3D91C4911</string><string>3F54126F-56CF-4BAA-81B057F3D91C4911</string><string>36A20185-0D3C-4ABD-BB41E285CCB365EE</string><string>36A20185-0D3C-4ABD-BB41E285CCB365EE</string></field><field name='contentHistID'><string>D0E2344C-F9B1-4B16-95F95307ADDB28E2</string><string>D0E2344C-F9B1-4B16-95F95307ADDB28E2</string><string>D0E2344C-F9B1-4B16-95F95307ADDB28E2</string><string>D0E2344C-F9B1-4B16-95F95307ADDB28E2</string><string>28A56095-A9F8-49B8-8D8C3806B7417DEF</string><string>28A56095-A9F8-49B8-8D8C3806B7417DEF</string><string>28A56095-A9F8-49B8-8D8C3806B7417DEF</string><string>FD02F544-0FB9-4771-9BE6CAE633A3163C</string><string>FD02F544-0FB9-4771-9BE6CAE633A3163C</string><string>9A034135-C202-4424-ADC9AE1194615869</string><string>9A034135-C202-4424-ADC9AE1194615869</string><string>9A034135-C202-4424-ADC9AE1194615869</string><string>DE801670-E3BD-41BA-B3EB637AAA010C5F</string><string>DE801670-E3BD-41BA-B3EB637AAA010C5F</string><string>495E9691-947E-44C8-B8118912DCE61503</string><string>495E9691-947E-44C8-B8118912DCE61503</string><string>FB09B355-C7D7-4BFF-B7AE59B0F4068B01</string><string>FB09B355-C7D7-4BFF-B7AE59B0F4068B01</string><string>14424314-AE41-492C-985B1D41F72D7BE6</string><string>14424314-AE41-492C-985B1D41F72D7BE6</string><string>19E4E404-4AD7-4D6D-B458BC82A8D9B7DB</string><string>19E4E404-4AD7-4D6D-B458BC82A8D9B7DB</string></field><field name='siteID'><string>default</string><string>default</string><string>default</string><string>default</string><string>default</string><string>default</string><string>default</string><string>default</string><string>default</string><string>default</string><string>default</string><string>default</string><string>default</string><string>default</string><string>default</string><string>default</string><string>default</string><string>default</string><string>default</string><string>default</string><string>default</string><string>default</string></field><field name='tag'><string>Coworking</string><string>Synergy</string><string>Networking</string><string>Productivity</string><string>Nature</string><string>Landscape</string><string>Outdoors</string><string>Surfing</string><string>Outdoors</string><string>Nature</string><string>Outdoors</string><string>Trees</string><string>Concert</string><string>Music</string><string>fun</string><string>travel</string><string>school</string><string>kids</string><string>travel</string><string>fun</string><string>fun</string><string>kids</string></field><field name='taggroup'><string>News</string><string>News</string><string>News</string><string>News</string><string>News</string><string>News</string><string>News</string><string>News</string><string>News</string><string>News</string><string>News</string><string>News</string><string>News</string><string>News</string><string></string><string></string><string></string><string></string><string></string><string></string><string></string><string></string></field></recordset></data></wddxPacket>
