<wddxPacket version='1.0'><header/><data><recordset rowCount='3' fieldNames='FEEDID,SITEID,PARENTID,NAME,ISACTIVE,ISPUBLIC,ISDEFAULT,ISFEATURESONLY,DESCRIPTION,MAXITEMS,ALLOWHTML,LANG,LASTUPDATEBY,LASTUPDATE,DATECREATED,RESTRICTED,RESTRICTGROUPS,VERSION,CHANNELLINK,TYPE,SORTBY,SORTDIRECTION,NEXTN,DISPLAYNAME,DISPLAYRATINGS,DISPLAYCOMMENTS,ALTNAME,REMOTEID,REMOTESOURCEURL,REMOTEPUBDATE,IMAGESIZE,IMAGEHEIGHT,IMAGEWIDTH,DISPLAYLIST,SHOWNAVONLY,SHOWEXCLUDESEARCH,VIEWALLLINK,VIEWALLLABEL,CSSCLASS,AUTOIMPORT,ISLOCKED,CONTENTPOOLID,USECATEGORYINTERSECT,AUTHTYPE' type='coldfusion.sql.QueryTable'><field name='feedID'><string>59B8D298-A6D5-479C-BF3AE49828CA76C6</string><string>6C0AF4CE-45EB-4E9A-AE329EE5F5BF8447</string><string>E4A65C02-464D-4138-AB960163ED79ADBC</string></field><field name='siteID'><string>default</string><string>default</string><string>default</string></field><field name='parentID'><string></string><string></string><string></string></field><field name='name'><string>From Our Blog</string><string>Mura Blog</string><string>Slideshow</string></field><field name='isActive'><number>1.0</number><number>1.0</number><number>1.0</number></field><field name='isPublic'><number>0.0</number><number>1.0</number><number>0.0</number></field><field name='isDefault'><number>0.0</number><number>0.0</number><number>0.0</number></field><field name='isFeaturesOnly'><number>0.0</number><number>0.0</number><number>0.0</number></field><field name='description'><string></string><string></string><string></string></field><field name='maxItems'><number>3.0</number><number>2.0</number><number>5.0</number></field><field name='allowHTML'><number>1.0</number><number>1.0</number><number>1.0</number></field><field name='lang'><string>en-us</string><string>en-us</string><string>en-us</string></field><field name='lastUpdateBy'><string>Steve Withington</string><string>Steve Withington</string><string>Admin User</string></field><field name='lastUpdate'><dateTime>2012-11-27T23:57:30+0:0</dateTime><dateTime>2010-12-14T3:49:29+0:0</dateTime><dateTime>2015-3-7T7:53:26+0:0</dateTime></field><field name='dateCreated'><dateTime>2012-11-27T23:57:30+0:0</dateTime><dateTime>2010-12-14T3:49:29+0:0</dateTime><dateTime>2015-3-7T7:53:26+0:0</dateTime></field><field name='restricted'><number>0.0</number><number>0.0</number><number>0.0</number></field><field name='restrictGroups'><string></string><string></string><string></string></field><field name='version'><string>RSS 2.0</string><string>RSS 2.0</string><string>RSS 2.0</string></field><field name='channellink'><string></string><string>http://www.getmura.com/index.cfm/tasks/feed/?feedID=91B4E7A5-37AC-466A-ACDF6ABFD95ACCBD</string><string></string></field><field name='Type'><string>Local</string><string>Remote</string><string>Local</string></field><field name='sortBy'><string>releaseDate</string><string>lastUpdate</string><string>releaseDate</string></field><field name='sortDirection'><string>desc</string><string>desc</string><string>desc</string></field><field name='nextN'><number>20.0</number><number>20.0</number><number>20.0</number></field><field name='displayName'><number>0.0</number><number>0.0</number><number>0.0</number></field><field name='displayRatings'><number>0.0</number><number>0.0</number><number>0.0</number></field><field name='displayComments'><number>0.0</number><number>0.0</number><number>0.0</number></field><field name='altname'><string></string><string></string><string></string></field><field name='remoteID'><string></string><string></string><string></string></field><field name='remoteSourceURL'><string></string><string></string><string></string></field><field name='remotePubDate'><string></string><string></string><string></string></field><field name='imageSize'><string>small</string><string>small</string><string>small</string></field><field name='imageHeight'><string>AUTO</string><string>AUTO</string><string>AUTO</string></field><field name='imageWidth'><string>AUTO</string><string>AUTO</string><string>AUTO</string></field><field name='displayList'><string>Date,Title,Image,Summary,Tags</string><string>Date,Title,Image,Summary,Credits,Tags</string><string>Date,Title,Image,Summary,Credits,Tags</string></field><field name='showNavOnly'><number>1.0</number><number>0.0</number><number>1.0</number></field><field name='showExcludeSearch'><number>0.0</number><number>0.0</number><number>0.0</number></field><field name='viewalllink'><string></string><string></string><string></string></field><field name='viewalllabel'><string></string><string></string><string></string></field><field name='cssclass'><string></string><string></string><string></string></field><field name='autoimport'><number>0.0</number><number>0.0</number><number>0.0</number></field><field name='isLocked'><number>0.0</number><number>0.0</number><number>0.0</number></field><field name='contentpoolid'><string></string><string></string><string></string></field><field name='useCategoryIntersect'><string></string><string></string><string></string></field><field name='authtype'><string></string><string></string><string></string></field></recordset></data></wddxPacket>
