<wddxPacket version='1.0'><header/><data><recordset rowCount='17' fieldNames='CONTENTHISTID,OBJECTID,OBJECT,CONTENTID,NAME,ORDERNO,SITEID,COLUMNID,PARAMS' type='coldfusion.sql.QueryTable'><field name='ContentHistID'><string>6FADF7E6-7BD2-4C75-B5674927B98A1A42</string><string>6FADF7E6-7BD2-4C75-B5674927B98A1A42</string><string>73046C41-04A6-48AE-A9C610C62B7863D1</string><string>73046C41-04A6-48AE-A9C610C62B7863D1</string><string>73046C41-04A6-48AE-A9C610C62B7863D1</string><string>9E7D0158-C9B5-491B-AF33E24BEEBCF58D</string><string>9E7D0158-C9B5-491B-AF33E24BEEBCF58D</string><string>9E7D0158-C9B5-491B-AF33E24BEEBCF58D</string><string>9E7D0158-C9B5-491B-AF33E24BEEBCF58D</string><string>9E7D0158-C9B5-491B-AF33E24BEEBCF58D</string><string>9E7D0158-C9B5-491B-AF33E24BEEBCF58D</string><string>CC9930D5-73EF-4299-80B7DA98EDC06B18</string><string>D51AEAAC-E115-45DA-92E82B79295C64C3</string><string>D660A979-FFF7-45EE-A208CE2367363E3C</string><string>D660A979-FFF7-45EE-A208CE2367363E3C</string><string>D660A979-FFF7-45EE-A208CE2367363E3C</string><string>D660A979-FFF7-45EE-A208CE2367363E3C</string></field><field name='ObjectID'><string>A52A6EF7-4792-4209-8D256B73E8015107</string><string>E0F40198-BDF9-4F06-BEC5B1338474652B</string><string>5CDA1182-52E4-460F-9DCD6437EF26732E</string><string>9D4C26D0-43C2-4DD7-923C7393E57E4727</string><string>A2A2F604-16D2-4EEA-A445AF66A9558BE7</string><string>1B452009-3790-4CA5-AE08464CCBFEA84A</string><string>1B452009-3790-4CA5-AE08464CCBFEA84A</string><string>1B452009-3790-4CA5-AE08464CCBFEA84A</string><string>1B452009-3790-4CA5-AE08464CCBFEA84A</string><string>798412BD-0FFA-4341-844C0AE9336BC17B</string><string>7E6C6959-7AC6-44B6-A0D1145173BE0049</string><string>84937D47-DEFD-4365-A4C4F811CFA9A4C6</string><string>96028D3D-2DF5-4D2F-90CC14F8D48EA426</string><string>1879F277-5D34-411F-898958230A116315</string><string>56714ED4-B0E7-4D78-810C71F8318B7725</string><string>56714ED4-B0E7-4D78-810C71F8318B7725</string><string>56714ED4-B0E7-4D78-810C71F8318B7725</string></field><field name='Object'><string>collection</string><string>standard_nav</string><string>collection</string><string>component</string><string>component</string><string>archive_nav</string><string>calendar_nav</string><string>category_summary</string><string>tag_cloud</string><string>category_summary</string><string>comments</string><string>form</string><string>site_map</string><string>comments</string><string>archive_nav</string><string>calendar_nav</string><string>tag_cloud</string></field><field name='ContentID'><string>E0F40198-BDF9-4F06-BEC5B1338474652B</string><string>E0F40198-BDF9-4F06-BEC5B1338474652B</string><string>00000000000000000000000000000000001</string><string>00000000000000000000000000000000001</string><string>00000000000000000000000000000000001</string><string>1B452009-3790-4CA5-AE08464CCBFEA84A</string><string>1B452009-3790-4CA5-AE08464CCBFEA84A</string><string>1B452009-3790-4CA5-AE08464CCBFEA84A</string><string>1B452009-3790-4CA5-AE08464CCBFEA84A</string><string>1B452009-3790-4CA5-AE08464CCBFEA84A</string><string>1B452009-3790-4CA5-AE08464CCBFEA84A</string><string>F4449127-439A-46F2-93B8FEBB747B24BE</string><string>29B5868E-7F4A-4F36-97C96D3F19BD1911</string><string>56714ED4-B0E7-4D78-810C71F8318B7725</string><string>56714ED4-B0E7-4D78-810C71F8318B7725</string><string>56714ED4-B0E7-4D78-810C71F8318B7725</string><string>56714ED4-B0E7-4D78-810C71F8318B7725</string></field><field name='Name'><string>Collection</string><string>Navigation</string><string>collection</string><string>component</string><string>component</string><string>&lt;i class=&quot;mi-align-justify&quot;&gt;&lt;/i&gt; Navigation</string><string>&lt;i class=&quot;mi-align-justify&quot;&gt;&lt;/i&gt; Navigation</string><string>Navigation</string><string>Navigation</string><string>Category Summary</string><string>Comments</string><string>&lt;i class=&quot;mi-toggle-on&quot;&gt;&lt;/i&gt; Form</string><string>Site Map</string><string>Comments</string><string>&lt;i class=&quot;mi-align-justify&quot;&gt;&lt;/i&gt; Navigation</string><string>&lt;i class=&quot;mi-align-justify&quot;&gt;&lt;/i&gt; Navigation</string><string>&lt;i class=&quot;mi-align-justify&quot;&gt;&lt;/i&gt; Navigation</string></field><field name='OrderNo'><number>1.0</number><number>1.0</number><number>1.0</number><number>1.0</number><number>2.0</number><number>2.0</number><number>1.0</number><number>2.0</number><number>3.0</number><number>1.0</number><number>1.0</number><number>1.0</number><number>1.0</number><number>1.0</number><number>2.0</number><number>1.0</number><number>3.0</number></field><field name='SiteID'><string>default</string><string>default</string><string>default</string><string>default</string><string>default</string><string>default</string><string>default</string><string>default</string><string>default</string><string>default</string><string>default</string><string>default</string><string>default</string><string>default</string><string>default</string><string>default</string><string>default</string></field><field name='ColumnID'><number>3.0</number><number>1.0</number><number>2.0</number><number>1.0</number><number>1.0</number><number>1.0</number><number>1.0</number><number>3.0</number><number>3.0</number><number>3.0</number><number>2.0</number><number>3.0</number><number>2.0</number><number>2.0</number><number>3.0</number><number>3.0</number><number>3.0</number></field><field name='Params'><string>{&quot;css&quot;:&quot;&quot;,&quot;viewalllink&quot;:&quot;&quot;,&quot;objecticonclass&quot;:&quot;mi-th-list&quot;,&quot;objectname&quot;:&quot;Collection&quot;,&quot;layout&quot;:&quot;default&quot;,&quot;render&quot;:&quot;server&quot;,&quot;items&quot;:&quot;&quot;,&quot;object&quot;:&quot;collection&quot;,&quot;sourcetype&quot;:&quot;remotefeed&quot;,&quot;displaylist&quot;:&quot;Image,Date,Title,Summary,Credits,Tags&quot;,&quot;viewalllabel&quot;:&quot;&quot;,&quot;inited&quot;:true,&quot;nextn&quot;:20,&quot;modalimages&quot;:false,&quot;imagesize&quot;:&quot;small&quot;,&quot;imagewidth&quot;:&quot;AUTO&quot;,&quot;displaysummaries&quot;:1,&quot;sortby&quot;:&quot;&quot;,&quot;source&quot;:&quot;6C0AF4CE-45EB-4E9A-AE329EE5F5BF8447&quot;,&quot;label&quot;:&quot;&quot;,&quot;imageheight&quot;:&quot;AUTO&quot;,&quot;maxitems&quot;:2}</string><string>{&quot;inited&quot;:true,&quot;css&quot;:&quot;&quot;,&quot;objecticonclass&quot;:&quot;mi-align-justify&quot;,&quot;objectname&quot;:&quot;Navigation&quot;,&quot;render&quot;:&quot;server&quot;,&quot;taggroup&quot;:&quot;&quot;,&quot;object&quot;:&quot;standard_nav&quot;}</string><string>{&quot;css&quot;:&quot;&quot;,&quot;viewalllink&quot;:&quot;&quot;,&quot;objecticonclass&quot;:&quot;mi-th-list&quot;,&quot;objectname&quot;:&quot;&quot;,&quot;layout&quot;:&quot;grid&quot;,&quot;render&quot;:&quot;server&quot;,&quot;sourceid&quot;:&quot;59B8D298-A6D5-479C-BF3AE49828CA76C6&quot;,&quot;items&quot;:&quot;&quot;,&quot;class&quot;:&quot;home-news&quot;,&quot;object&quot;:&quot;collection&quot;,&quot;sourcetype&quot;:&quot;localindex&quot;,&quot;displaylist&quot;:&quot;Image,Date,Title,Summary,Credits&quot;,&quot;viewalllabel&quot;:&quot;&quot;,&quot;gridstyle&quot;:&quot;mura-grid-three&quot;,&quot;inited&quot;:true,&quot;nextn&quot;:20,&quot;modalimages&quot;:false,&quot;imagesize&quot;:&quot;carouselimage&quot;,&quot;imagewidth&quot;:&quot;AUTO&quot;,&quot;source&quot;:&quot;59B8D298-A6D5-479C-BF3AE49828CA76C6&quot;,&quot;label&quot;:&quot;From Our Blog&quot;,&quot;imageheight&quot;:&quot;AUTO&quot;,&quot;maxitems&quot;:3,&quot;cssclass&quot;:&quot;home-news&quot;}</string><string>{&quot;inited&quot;:true,&quot;css&quot;:&quot;&quot;,&quot;objecticonclass&quot;:&quot;mi-clone&quot;,&quot;objectname&quot;:&quot;&quot;,&quot;render&quot;:&quot;server&quot;,&quot;object&quot;:&quot;component&quot;}</string><string>{&quot;inited&quot;:true,&quot;css&quot;:&quot;&quot;,&quot;objecticonclass&quot;:&quot;mi-clone&quot;,&quot;objectname&quot;:&quot;&quot;,&quot;render&quot;:&quot;server&quot;,&quot;object&quot;:&quot;component&quot;}</string><string>{&quot;objecticonclass&quot;:&quot;mi-cog&quot;,&quot;objectname&quot;:&quot;&lt;i class=\&quot;mi-align-justify\&quot;&gt;&lt;/i&gt; Navigation&quot;,&quot;render&quot;:&quot;server&quot;,&quot;object&quot;:&quot;archive_nav&quot;}</string><string>{&quot;objecticonclass&quot;:&quot;mi-cog&quot;,&quot;objectname&quot;:&quot;&lt;i class=\&quot;mi-align-justify\&quot;&gt;&lt;/i&gt; Navigation&quot;,&quot;render&quot;:&quot;server&quot;,&quot;object&quot;:&quot;calendar_nav&quot;}</string><string>{&quot;inited&quot;:true,&quot;objecticonclass&quot;:&quot;mi-align-justify&quot;,&quot;objectname&quot;:&quot;Navigation&quot;,&quot;taggroup&quot;:&quot;&quot;,&quot;class&quot;:&quot;&quot;,&quot;object&quot;:&quot;category_summary&quot;,&quot;cssclass&quot;:&quot;&quot;}</string><string>{&quot;inited&quot;:true,&quot;objecticonclass&quot;:&quot;mi-align-justify&quot;,&quot;objectname&quot;:&quot;Navigation&quot;,&quot;taggroup&quot;:&quot;News&quot;,&quot;class&quot;:&quot;&quot;,&quot;object&quot;:&quot;tag_cloud&quot;,&quot;cssclass&quot;:&quot;&quot;}</string><string>{&quot;inited&quot;:true,&quot;css&quot;:&quot;&quot;,&quot;objecticonclass&quot;:&quot;mi-cog&quot;,&quot;objectname&quot;:&quot;Category Summary&quot;,&quot;displayrss&quot;:false,&quot;render&quot;:&quot;server&quot;,&quot;taggroup&quot;:&quot;&quot;,&quot;object&quot;:&quot;category_summary&quot;}</string><string>{&quot;inited&quot;:true,&quot;css&quot;:&quot;&quot;,&quot;objecticonclass&quot;:&quot;mi-cog&quot;,&quot;objectname&quot;:&quot;Comments&quot;,&quot;render&quot;:&quot;server&quot;,&quot;object&quot;:&quot;comments&quot;}</string><string>{&quot;inited&quot;:true,&quot;objectname&quot;:&quot;&lt;i class=\&quot;mi-toggle-on\&quot;&gt;&lt;/i&gt; Form&quot;,&quot;render&quot;:&quot;client&quot;,&quot;label&quot;:&quot;Contact Us&quot;,&quot;class&quot;:&quot;&quot;,&quot;object&quot;:&quot;form&quot;,&quot;cssclass&quot;:&quot;&quot;,&quot;view&quot;:&quot;form&quot;,&quot;name&quot;:&quot;Information Request&quot;}</string><string></string><string>{&quot;inited&quot;:true,&quot;css&quot;:&quot;&quot;,&quot;objecticonclass&quot;:&quot;mi-cog&quot;,&quot;objectname&quot;:&quot;Comments&quot;,&quot;render&quot;:&quot;server&quot;,&quot;object&quot;:&quot;comments&quot;}</string><string>{&quot;objecticonclass&quot;:&quot;mi-cog&quot;,&quot;objectname&quot;:&quot;&lt;i class=\&quot;mi-align-justify\&quot;&gt;&lt;/i&gt; Navigation&quot;,&quot;render&quot;:&quot;server&quot;,&quot;object&quot;:&quot;archive_nav&quot;}</string><string>{&quot;objecticonclass&quot;:&quot;mi-cog&quot;,&quot;objectname&quot;:&quot;&lt;i class=\&quot;mi-align-justify\&quot;&gt;&lt;/i&gt; Navigation&quot;,&quot;render&quot;:&quot;server&quot;,&quot;object&quot;:&quot;calendar_nav&quot;}</string><string>{&quot;inited&quot;:true,&quot;css&quot;:&quot;&quot;,&quot;objecticonclass&quot;:&quot;mi-cog&quot;,&quot;objectname&quot;:&quot;&lt;i class=\&quot;mi-align-justify\&quot;&gt;&lt;/i&gt; Navigation&quot;,&quot;taggroup&quot;:&quot;&quot;,&quot;object&quot;:&quot;tag_cloud&quot;}</string></field></recordset></data></wddxPacket>
