<wddxPacket version='1.0'><header/><data><recordset rowCount='1' fieldNames='CONTENTHISTID,RELATEDID,CONTENTID,SITEID,RELATEDCONTENTSETID,ORDERNO,RELATEDCONTENTID' type='coldfusion.sql.QueryTable'><field name='contentHistID'><string>6FADF7E6-7BD2-4C75-B5674927B98A1A42</string></field><field name='relatedID'><string>36A20185-0D3C-4ABD-BB41E285CCB365EE</string></field><field name='contentID'><string>E0F40198-BDF9-4F06-BEC5B1338474652B</string></field><field name='siteID'><string>default</string></field><field name='relatedContentSetID'><string>00000000000000000000000000000000000</string></field><field name='orderNo'><number>1.0</number></field><field name='relatedContentID'><number>1.0</number></field></recordset></data></wddxPacket>
