<wddxPacket version='1.0'><header/><data><recordset rowCount='22' fieldNames='CONTENTHISTID,OBJECTID,OBJECT,CONTENTID,NAME,ORDERNO,SITEID,COLUMNID,PARAMS' type='coldfusion.sql.QueryTable'><field name='CONTENTHISTID'><string>A54B7C88-001C-3006-148083069F918CEE</string><string>A54B80BA-90A3-DAE0-0F8B54D65BBB5A6C</string><string>A54B80BA-90A3-DAE0-0F8B54D65BBB5A6C</string><string>A54B80BA-90A3-DAE0-0F8B54D65BBB5A6C</string><string>A54B80BA-90A3-DAE0-0F8B54D65BBB5A6C</string><string>A54B80FB-AB61-DF60-6ED3F7781655641D</string><string>A54B80FB-AB61-DF60-6ED3F7781655641D</string><string>A54B80FB-AB61-DF60-6ED3F7781655641D</string><string>A54B80FB-AB61-DF60-6ED3F7781655641D</string><string>A54B80FB-AB61-DF60-6ED3F7781655641D</string><string>A54B80FB-AB61-DF60-6ED3F7781655641D</string><string>A54B8145-A2F4-334C-03E1D36501CFC480</string><string>A54B8493-EE73-15F4-25FFF2F35BF438EF</string><string>A54B8493-EE73-15F4-25FFF2F35BF438EF</string><string>A54B8493-EE73-15F4-25FFF2F35BF438EF</string><string>A54B84F9-E6C9-BE8A-87B79BDCE7EF6933</string><string>A54B8530-AAA1-8D1E-77827624AB68E7FC</string><string>A54B8559-9017-DA02-1A5A42F6D04633BF</string><string>A54B8559-9017-DA02-1A5A42F6D04633BF</string><string>A54B859D-9337-C0B7-0C01ED20CD0C40E7</string><string>A54B859D-9337-C0B7-0C01ED20CD0C40E7</string><string>A54B85C5-FCDF-69EC-E90E47D45B63E281</string></field><field name='OBJECTID'><string>A54B93A0-C3A9-6258-7AD01D6CF83EAE1C</string><string>A54B80BC-D204-3E3D-887A45090B2CFB57</string><string>A54B80BC-D204-3E3D-887A45090B2CFB57</string><string>A54B80BC-D204-3E3D-887A45090B2CFB57</string><string>A54B9435-AEFD-976E-943D93D68E4AA4A3</string><string>A54B80FD-E328-4CB6-6234B573DC47AD4E</string><string>A54B80FD-E328-4CB6-6234B573DC47AD4E</string><string>A54B80FD-E328-4CB6-6234B573DC47AD4E</string><string>A54B80FD-E328-4CB6-6234B573DC47AD4E</string><string>A54B958F-FA5D-3149-48DEA53D8E412ACF</string><string>A54B95A0-B915-01E2-2BA0042C61B5F77F</string><string>A54B7DEA-EBFA-F728-D0DCADA6AE1ACE8C</string><string>A54B7D5A-0211-62DA-3B35385901297FA4</string><string>A54B7D92-C968-D355-85175406B46D1075</string><string>A54B9368-E940-63B0-2F998F036011714E</string><string>A54B9391-DCB5-6E3E-DA86886FD6B05234</string><string>A54B81E7-C5F2-8164-FF90340BBE286A38</string><string>A54B8155-F518-17FF-CA8662C0E47ED6E1</string><string>A54B9492-A83E-729A-2696B20E36A5B219</string><string>A54B94C2-D616-BDD5-F6AF9A71A5CBFC7F</string><string>A54B94D2-E590-8BFA-1334C6E5123EB576</string><string>A54B95D0-FD0B-C186-5287D1E0F43B1FA6</string></field><field name='OBJECT'><string>feed</string><string>archive_nav</string><string>calendar_nav</string><string>tag_cloud</string><string>comments</string><string>archive_nav</string><string>calendar_nav</string><string>category_summary</string><string>tag_cloud</string><string>category_summary</string><string>comments</string><string>folder_nav</string><string>component</string><string>component</string><string>collection</string><string>site_map</string><string>form</string><string>standard_nav</string><string>collection</string><string>standard_nav</string><string>user_tools</string><string>dragable_feeds</string></field><field name='CONTENTID'><string>A54B7C89-CECC-0D2B-279A28CEA6F00D3A</string><string>A54B80BC-D204-3E3D-887A45090B2CFB57</string><string>A54B80BC-D204-3E3D-887A45090B2CFB57</string><string>A54B80BC-D204-3E3D-887A45090B2CFB57</string><string>A54B80BC-D204-3E3D-887A45090B2CFB57</string><string>A54B80FD-E328-4CB6-6234B573DC47AD4E</string><string>A54B80FD-E328-4CB6-6234B573DC47AD4E</string><string>A54B80FD-E328-4CB6-6234B573DC47AD4E</string><string>A54B80FD-E328-4CB6-6234B573DC47AD4E</string><string>A54B80FD-E328-4CB6-6234B573DC47AD4E</string><string>A54B80FD-E328-4CB6-6234B573DC47AD4E</string><string>A54B7DEA-EBFA-F728-D0DCADA6AE1ACE8C</string><string>00000000000000000000000000000000001</string><string>00000000000000000000000000000000001</string><string>00000000000000000000000000000000001</string><string>A54B84FB-CDFD-7EE4-C9FEE22656B255AF</string><string>A54B8532-EAC4-DB30-1C1624F82A4F2AD0</string><string>A54B8155-F518-17FF-CA8662C0E47ED6E1</string><string>A54B8155-F518-17FF-CA8662C0E47ED6E1</string><string>A54B81C8-B07A-F3E0-45E551AE84CA3473</string><string>A54B81C8-B07A-F3E0-45E551AE84CA3473</string><string>A54B85C6-F0C9-B06F-B9458DBF5B2D8755</string></field><field name='NAME'><string>Upcoming Events - Local Index</string><string>&lt;i class="mi-align-justify"&gt;&lt;/i&gt; Navigation</string><string>&lt;i class="mi-align-justify"&gt;&lt;/i&gt; Navigation</string><string>&lt;i class="mi-align-justify"&gt;&lt;/i&gt; Navigation</string><string>Comments</string><string>&lt;i class="mi-align-justify"&gt;&lt;/i&gt; Navigation</string><string>&lt;i class="mi-align-justify"&gt;&lt;/i&gt; Navigation</string><string>Navigation</string><string>Navigation</string><string>Category Summary</string><string>Comments</string><string>&lt;i class="mi-align-justify"&gt;&lt;/i&gt; Navigation</string><string>component</string><string>component</string><string>collection</string><string>Site Map</string><string>&lt;i class="mi-toggle-on"&gt;&lt;/i&gt; Form</string><string>Navigation</string><string>Collection</string><string>Standard Navigation</string><string>User Tools</string><string>Dragable Feeds</string></field><field name='ORDERNO'><number>1.0</number><number>2.0</number><number>1.0</number><number>3.0</number><number>1.0</number><number>2.0</number><number>1.0</number><number>2.0</number><number>3.0</number><number>1.0</number><number>1.0</number><number>1.0</number><number>1.0</number><number>2.0</number><number>1.0</number><number>1.0</number><number>1.0</number><number>1.0</number><number>1.0</number><number>1.0</number><number>2.0</number><number>1.0</number></field><field name='SITEID'><string>default</string><string>default</string><string>default</string><string>default</string><string>default</string><string>default</string><string>default</string><string>default</string><string>default</string><string>default</string><string>default</string><string>default</string><string>default</string><string>default</string><string>default</string><string>default</string><string>default</string><string>default</string><string>default</string><string>default</string><string>default</string><string>default</string></field><field name='COLUMNID'><number>3.0</number><number>3.0</number><number>3.0</number><number>3.0</number><number>2.0</number><number>1.0</number><number>1.0</number><number>3.0</number><number>3.0</number><number>3.0</number><number>2.0</number><number>1.0</number><number>1.0</number><number>1.0</number><number>2.0</number><number>2.0</number><number>3.0</number><number>1.0</number><number>3.0</number><number>1.0</number><number>1.0</number><number>2.0</number></field><field name='PARAMS'><string>{"displayName":1,"nextN":20,"imageSize":"small","imageWidth":"AUTO","viewalllink":"","imageHeight":"AUTO","maxItems":3,"cssclass":"","altName":"","viewalllabel":"","displayList":"Date,Title,Image,Summary,Credits,Tags"}</string><string>{"objecticonclass":"mi-cog","objectname":"&lt;i class=\"mi-align-justify\"&gt;&lt;/i&gt; Navigation","render":"server","object":"archive_nav"}</string><string>{"objecticonclass":"mi-cog","objectname":"&lt;i class=\"mi-align-justify\"&gt;&lt;/i&gt; Navigation","render":"server","object":"calendar_nav"}</string><string>{"inited":true,"css":"","objecticonclass":"mi-cog","objectname":"&lt;i class=\"mi-align-justify\"&gt;&lt;/i&gt; Navigation","taggroup":"","object":"tag_cloud"}</string><string>{"inited":true,"css":"","objecticonclass":"mi-cog","objectname":"Comments","render":"server","object":"comments"}</string><string>{"objecticonclass":"mi-cog","objectname":"&lt;i class=\"mi-align-justify\"&gt;&lt;/i&gt; Navigation","render":"server","object":"archive_nav"}</string><string>{"objecticonclass":"mi-cog","objectname":"&lt;i class=\"mi-align-justify\"&gt;&lt;/i&gt; Navigation","render":"server","object":"calendar_nav"}</string><string>{"inited":true,"objecticonclass":"mi-align-justify","objectname":"Navigation","taggroup":"","class":"","object":"category_summary","cssclass":""}</string><string>{"inited":true,"objecticonclass":"mi-align-justify","objectname":"Navigation","taggroup":"News","class":"","object":"tag_cloud","cssclass":""}</string><string>{"inited":true,"css":"","objecticonclass":"mi-cog","objectname":"Category Summary","displayrss":false,"render":"server","taggroup":"","object":"category_summary"}</string><string>{"inited":true,"css":"","objecticonclass":"mi-cog","objectname":"Comments","render":"server","object":"comments"}</string><string>{"inited":true,"objectname":"&lt;i class=\"mi-align-justify\"&gt;&lt;/i&gt; Navigation","taggroup":"","class":"","object":"folder_nav","cssclass":""}</string><string>{"inited":true,"css":"","objecticonclass":"mi-clone","objectname":"","render":"server","object":"component"}</string><string>{"inited":true,"css":"","objecticonclass":"mi-clone","objectname":"","render":"server","object":"component"}</string><string>{"css":"","viewalllink":"","objecticonclass":"mi-th-list","objectname":"","layout":"grid","render":"server","sourceid":"A54B936B-AEB2-E2BA-AC74573F31AA45C8","items":"","class":"home-news","object":"collection","sourcetype":"localindex","displaylist":"Image,Date,Title,Summary,Credits","viewalllabel":"","gridstyle":"mura-grid-three","inited":true,"nextn":20,"modalimages":false,"imagesize":"carouselimage","imagewidth":"AUTO","source":"A54B936B-AEB2-E2BA-AC74573F31AA45C8","label":"From Our Blog","imageheight":"AUTO","maxitems":3,"cssclass":"home-news"}</string><null/><string>{"inited":true,"objectname":"&lt;i class=\"mi-toggle-on\"&gt;&lt;/i&gt; Form","render":"client","label":"Contact Us","class":"","object":"form","cssclass":"","view":"form","name":"Information Request"}</string><string>{"inited":true,"css":"","objecticonclass":"mi-align-justify","objectname":"Navigation","render":"server","taggroup":"","object":"standard_nav"}</string><string>{"css":"","viewalllink":"","objecticonclass":"mi-th-list","objectname":"Collection","layout":"default","render":"server","items":"","object":"collection","sourcetype":"remotefeed","displaylist":"Image,Date,Title,Summary,Credits,Tags","viewalllabel":"","inited":true,"nextn":20,"modalimages":false,"imagesize":"small","imagewidth":"AUTO","displaysummaries":1,"sortby":"","source":"A54B949C-0983-B7CD-04592032893100F0","label":"","imageheight":"AUTO","maxitems":2}</string><null/><null/><null/></field></recordset></data></wddxPacket>
