<wddxPacket version='1.0'><header/><data><recordset rowCount='2' fieldNames='PARAMID,FEEDID,PARAM,RELATIONSHIP,FIELD,CONDITION,CRITERIA,DATATYPE' type='coldfusion.sql.QueryTable'><field name='paramID'><string>0D125761-CD8C-4858-8D6C5AE38FE6568F</string><string>182B8660-78D3-45D3-B7483EF83065FD86</string></field><field name='feedID'><string>E4A65C02-464D-4138-AB960163ED79ADBC</string><string>59B8D298-A6D5-479C-BF3AE49828CA76C6</string></field><field name='param'><number>1.0</number><number>1.0</number></field><field name='relationship'><string>and</string><string>and</string></field><field name='field'><string></string><string></string></field><field name='condition'><string>Equals</string><string>Equals</string></field><field name='criteria'><string></string><string></string></field><field name='dataType'><string>varchar</string><string>varchar</string></field></recordset></data></wddxPacket>
