<wddxPacket version='1.0'><header/><data><recordset rowCount='2' fieldNames='FEEDID,ITEMID,TYPE' type='coldfusion.sql.QueryTable'><field name='feedID'><string>59B8D298-A6D5-479C-BF3AE49828CA76C6</string><string>E4A65C02-464D-4138-AB960163ED79ADBC</string></field><field name='itemID'><string>56714ED4-B0E7-4D78-810C71F8318B7725</string><string>1B452009-3790-4CA5-AE08464CCBFEA84A</string></field><field name='type'><string>contentID</string><string>contentID</string></field></recordset></data></wddxPacket>
