<wddxPacket version='1.0'><header/><data><recordset rowCount='9' fieldNames='CONTENTHISTID,CATEGORYID,CONTENTID,ISFEATURE,ORDERNO,SITEID,FEATURESTART,FEATURESTOP' type='coldfusion.sql.QueryTable'><field name='contentHistID'><string>28A56095-A9F8-49B8-8D8C3806B7417DEF</string><string>28A56095-A9F8-49B8-8D8C3806B7417DEF</string><string>9A034135-C202-4424-ADC9AE1194615869</string><string>9A034135-C202-4424-ADC9AE1194615869</string><string>9A034135-C202-4424-ADC9AE1194615869</string><string>D0E2344C-F9B1-4B16-95F95307ADDB28E2</string><string>DE801670-E3BD-41BA-B3EB637AAA010C5F</string><string>FD02F544-0FB9-4771-9BE6CAE633A3163C</string><string>FD02F544-0FB9-4771-9BE6CAE633A3163C</string></field><field name='categoryID'><string>83C47D8F-3742-4EAF-8FB82BE6828CFAD0</string><string>E9879F00-83A2-4B65-97509D04D988DD85</string><string>83C47D8F-3742-4EAF-8FB82BE6828CFAD0</string><string>BED94AC2-2DFD-44D9-9DC2370AE7FA6F9A</string><string>E9879F00-83A2-4B65-97509D04D988DD85</string><string>CCE43A62-5246-4FE0-A5CA4E506F4D12BD</string><string>83C47D8F-3742-4EAF-8FB82BE6828CFAD0</string><string>83C47D8F-3742-4EAF-8FB82BE6828CFAD0</string><string>E60C4ED3-FC4B-487C-9372079219435D62</string></field><field name='contentID'><string>764745A9-5C56-45E7-B831B43F30927541</string><string>764745A9-5C56-45E7-B831B43F30927541</string><string>7DCA71E2-E6F5-4D0B-B4C4977EFB89587C</string><string>7DCA71E2-E6F5-4D0B-B4C4977EFB89587C</string><string>7DCA71E2-E6F5-4D0B-B4C4977EFB89587C</string><string>CC91F4D2-CC6A-4103-A74A73B3B9BCD734</string><string>CC09038E-8B28-4840-915FF9A46FD428F3</string><string>873242DF-A8E3-4411-9CF496FA27439EA7</string><string>873242DF-A8E3-4411-9CF496FA27439EA7</string></field><field name='isFeature'><number>0.0</number><number>0.0</number><number>0.0</number><number>0.0</number><number>0.0</number><number>0.0</number><number>0.0</number><number>0.0</number><number>0.0</number></field><field name='orderno'><number>0.0</number><number>0.0</number><number>0.0</number><number>0.0</number><number>0.0</number><number>0.0</number><number>0.0</number><number>0.0</number><number>0.0</number></field><field name='siteID'><string>default</string><string>default</string><string>default</string><string>default</string><string>default</string><string>default</string><string>default</string><string>default</string><string>default</string></field><field name='featureStart'><string></string><string></string><string></string><string></string><string></string><string></string><string></string><string></string><string></string></field><field name='featureStop'><string></string><string></string><string></string><string></string><string></string><string></string><string></string><string></string><string></string></field></recordset></data></wddxPacket>
