<wddxPacket version='1.0'><header/><data><recordset rowCount='22' fieldNames='TAGID,CONTENTID,CONTENTHISTID,SITEID,TAG,TAGGROUP' type='coldfusion.sql.QueryTable'><field name='TAGID'><number>414.0</number><number>415.0</number><number>416.0</number><number>417.0</number><number>418.0</number><number>419.0</number><number>420.0</number><number>421.0</number><number>422.0</number><number>423.0</number><number>424.0</number><number>425.0</number><number>426.0</number><number>427.0</number><number>428.0</number><number>429.0</number><number>430.0</number><number>431.0</number><number>432.0</number><number>433.0</number><number>434.0</number><number>435.0</number></field><field name='CONTENTID'><string>A54B829C-BF31-C1CF-EF85CB683E05D0EF</string><string>A54B829C-BF31-C1CF-EF85CB683E05D0EF</string><string>A54B8324-A0F8-E665-BB73AF14A9833CE2</string><string>A54B8324-A0F8-E665-BB73AF14A9833CE2</string><string>A54B834D-F1DC-883F-5548350A3C9E948A</string><string>A54B834D-F1DC-883F-5548350A3C9E948A</string><string>A54B8389-B646-4BDD-9B019B5C235A269F</string><string>A54B8389-B646-4BDD-9B019B5C235A269F</string><string>A54B83B6-C58A-FBD7-A7271849F21C3459</string><string>A54B83B6-C58A-FBD7-A7271849F21C3459</string><string>A54B83E7-9DD7-4968-8DBF2EFB76EF2A75</string><string>A54B83E7-9DD7-4968-8DBF2EFB76EF2A75</string><string>A54B83E7-9DD7-4968-8DBF2EFB76EF2A75</string><string>A54B83E7-9DD7-4968-8DBF2EFB76EF2A75</string><string>A54B840C-E923-63D9-A32F871E3FD1E75A</string><string>A54B840C-E923-63D9-A32F871E3FD1E75A</string><string>A54B840C-E923-63D9-A32F871E3FD1E75A</string><string>A54B8436-AE49-A28F-818FA974C8259740</string><string>A54B8436-AE49-A28F-818FA974C8259740</string><string>A54B846D-04A6-376A-2E0BA33BA162C6E0</string><string>A54B846D-04A6-376A-2E0BA33BA162C6E0</string><string>A54B846D-04A6-376A-2E0BA33BA162C6E0</string></field><field name='CONTENTHISTID'><string>A54B829B-9668-0AF3-7607BF3D14279481</string><string>A54B829B-9668-0AF3-7607BF3D14279481</string><string>A54B8322-9A8C-5015-7113BDD6A14C7520</string><string>A54B8322-9A8C-5015-7113BDD6A14C7520</string><string>A54B834C-B611-B80B-2D05E5CEB042B625</string><string>A54B834C-B611-B80B-2D05E5CEB042B625</string><string>A54B8388-0B28-8A0F-294ABD8A067608B7</string><string>A54B8388-0B28-8A0F-294ABD8A067608B7</string><string>A54B83B4-BDCD-95E2-E597DE042C3464BA</string><string>A54B83B4-BDCD-95E2-E597DE042C3464BA</string><string>A54B83E6-AD49-44B3-4B139AA21B96C8CA</string><string>A54B83E6-AD49-44B3-4B139AA21B96C8CA</string><string>A54B83E6-AD49-44B3-4B139AA21B96C8CA</string><string>A54B83E6-AD49-44B3-4B139AA21B96C8CA</string><string>A54B840B-FA02-C3FD-280CFFA6897C58A8</string><string>A54B840B-FA02-C3FD-280CFFA6897C58A8</string><string>A54B840B-FA02-C3FD-280CFFA6897C58A8</string><string>A54B8434-91D9-FDAC-A391A5D4ED14539F</string><string>A54B8434-91D9-FDAC-A391A5D4ED14539F</string><string>A54B846C-CA5C-C0A1-F24D638919D02BF6</string><string>A54B846C-CA5C-C0A1-F24D638919D02BF6</string><string>A54B846C-CA5C-C0A1-F24D638919D02BF6</string></field><field name='SITEID'><string>default</string><string>default</string><string>default</string><string>default</string><string>default</string><string>default</string><string>default</string><string>default</string><string>default</string><string>default</string><string>default</string><string>default</string><string>default</string><string>default</string><string>default</string><string>default</string><string>default</string><string>default</string><string>default</string><string>default</string><string>default</string><string>default</string></field><field name='TAG'><string>school</string><string>kids</string><string>fun</string><string>kids</string><string>travel</string><string>fun</string><string>fun</string><string>travel</string><string>Concert</string><string>Music</string><string>Coworking</string><string>Synergy</string><string>Networking</string><string>Productivity</string><string>Nature</string><string>Landscape</string><string>Outdoors</string><string>Surfing</string><string>Outdoors</string><string>Nature</string><string>Outdoors</string><string>Trees</string></field><field name='TAGGROUP'><null/><null/><null/><null/><null/><null/><null/><null/><string>News</string><string>News</string><string>News</string><string>News</string><string>News</string><string>News</string><string>News</string><string>News</string><string>News</string><string>News</string><string>News</string><string>News</string><string>News</string><string>News</string></field></recordset></data></wddxPacket>
