<wddxPacket version='1.0'><header/><data><recordset rowCount='2' fieldNames='FEEDID,ITEMID,TYPE' type='coldfusion.sql.QueryTable'><field name='FEEDID'><string>A54B936B-AEB2-E2BA-AC74573F31AA45C8</string><string>A54B9B47-04D4-5485-5B6EBE9132F211F1</string></field><field name='ITEMID'><string>A54B80BC-D204-3E3D-887A45090B2CFB57</string><string>A54B80FD-E328-4CB6-6234B573DC47AD4E</string></field><field name='TYPE'><string>contentID</string><string>contentID</string></field></recordset></data></wddxPacket>
