<wddxPacket version='1.0'><header/><data><recordset rowCount='2' fieldNames='CONTENTHISTID,RELATEDID,CONTENTID,SITEID,RELATEDCONTENTSETID,ORDERNO,RELATEDCONTENTID' type='coldfusion.sql.QueryTable'><field name='CONTENTHISTID'><string>A54B7C88-001C-3006-148083069F918CEE</string><string>A54B8559-9017-DA02-1A5A42F6D04633BF</string></field><field name='RELATEDID'><string>A54B8155-F518-17FF-CA8662C0E47ED6E1</string><string>A54B8324-A0F8-E665-BB73AF14A9833CE2</string></field><field name='CONTENTID'><string>A54B7C89-CECC-0D2B-279A28CEA6F00D3A</string><string>A54B8155-F518-17FF-CA8662C0E47ED6E1</string></field><field name='SITEID'><string>default</string><string>default</string></field><field name='RELATEDCONTENTSETID'><string>00000000000000000000000000000000000</string><string>00000000000000000000000000000000000</string></field><field name='ORDERNO'><number>1.0</number><number>1.0</number></field><field name='RELATEDCONTENTID'><number>136.0</number><number>137.0</number></field></recordset></data></wddxPacket>
